{"milk": 0.4851515151515151, "eggs": 0.207979797979798, "peanuts": 0.18818181818181817, "tree_nuts": 0.06939393939393938, "soy": 0.702929292929293, "wheat": 0.5544444444444444, "fish": 0.01, "shellfish": 0.29707070707070704}